iterations,time
1,0.022974252700805664
1,0.028728246688842773
iterations,time
1,0.07442975044250488
2,0.11880946159362793
