iterations,time
18,0.5721228122711182
30,0.9618642330169678
