iterations,time
279,0.07992815971374512
806,0.296722412109375
iterations,time
16,0.0013623237609863281
98,0.008996725082397461
iterations,time
153,0.022289037704467773
929,0.1333310604095459
